{"stats":{"minecraft:crafted":{"minecraft:cooked_beef":4,"minecraft:oak_planks":24,"minecraft:crafting_table":2,"minecraft:stick":8,"minecraft:wooden_pickaxe":1,"minecraft:stone_pickaxe":1,"minecraft:wooden_axe":1,"minecraft:furnace":1,"minecraft:torch":4,"minecraft:birch_planks":16},"minecraft:dropped":{"minecraft:cooked_beef":3,"minecraft:oak_planks":3},"minecraft:mined":{"minecraft:furnace":1,"minecraft:birch_log":4,"minecraft:dark_oak_log":4,"minecraft:crafting_table":3,"minecraft:torch":5,"minecraft:oak_log":15,"minecraft:coal_ore":3,"minecraft:stripped_oak_log":1,"minecraft:stone":11,"minecraft:oak_leaves":5,"minecraft:wall_torch":2,"minecraft:deepslate":2},"minecraft:picked_up":{"minecraft:birch_log":6,"minecraft:stick":1,"minecraft:iron_chestplate":1,"minecraft:feather":2,"minecraft:crafting_table":3,"minecraft:cooked_beef":1,"minecraft:chicken":2,"minecraft:cooked_porkchop":1,"minecraft:salmon":1,"minecraft:leather":2,"minecraft:torch":7,"minecraft:oak_log":15,"minecraft:dirt":17,"minecraft:dark_oak_log":4,"minecraft:rotten_flesh":4,"minecraft:cobbled_deepslate":2,"minecraft:beef":4,"minecraft:oak_sapling":3,"minecraft:oak_planks":3,"minecraft:coal":2,"minecraft:stripped_oak_log":1,"minecraft:cobblestone":11,"minecraft:furnace":1},"minecraft:killed_by":{"minecraft:player":1,"minecraft:skeleton":1},"minecraft:killed":{"minecraft:zombie":1,"minecraft:chicken":2,"minecraft:salmon":1,"minecraft:drowned":1,"minecraft:cow":3},"minecraft:custom":{"minecraft:time_since_rest":1155,"minecraft:interact_with_furnace":5,"minecraft:sprint_one_cm":73175,"minecraft:damage_taken":1169,"minecraft:walk_one_cm":257701,"minecraft:mob_kills":8,"minecraft:drop":6,"minecraft:damage_dealt":937,"minecraft:talked_to_villager":2,"minecraft:swim_one_cm":4930,"minecraft:interact_with_crafting_table":6,"minecraft:fly_one_cm":45266,"minecraft:open_chest":3,"minecraft:crouch_one_cm":1246,"minecraft:play_time":46054,"minecraft:deaths":3,"minecraft:sneak_time":367,"minecraft:walk_under_water_one_cm":15508,"minecraft:jump":561,"minecraft:interact_with_grindstone":1,"minecraft:leave_game":1,"minecraft:walk_on_water_one_cm":12585,"minecraft:time_since_death":12302,"minecraft:sleep_in_bed":5,"minecraft:climb_one_cm":1657,"minecraft:total_world_time":46054,"minecraft:fall_one_cm":12801},"minecraft:used":{"minecraft:wooden_axe":38,"minecraft:stone_pickaxe":13,"minecraft:wooden_pickaxe":11,"minecraft:rotten_flesh":3,"minecraft:torch":10,"minecraft:oak_sapling":3,"minecraft:crafting_table":4,"minecraft:furnace":1,"minecraft:cooked_porkchop":1,"minecraft:cooked_beef":2,"minecraft:cobbled_deepslate":2}},"DataVersion":3953}