{"stats":{"minecraft:broken":{"minecraft:iron_pickaxe":1},"minecraft:crafted":{"minecraft:cherry_planks":64,"minecraft:oak_planks":80,"minecraft:furnace":1,"minecraft:flint_and_steel":1,"minecraft:diamond_helmet":1,"minecraft:bow":2,"minecraft:diamond_leggings":1,"minecraft:stone_pickaxe":1,"minecraft:diamond_boots":1,"minecraft:wheat":191,"minecraft:cooked_beef":9,"minecraft:diamond_sword":1,"minecraft:crafting_table":7,"minecraft:wooden_pickaxe":1,"minecraft:bucket":5,"minecraft:stone_axe":1,"minecraft:bread":90,"minecraft:air":0,"minecraft:oak_boat":1,"minecraft:white_wool":15,"minecraft:shield":1,"minecraft:stick":184,"minecraft:iron_ingot":6,"minecraft:iron_pickaxe":1,"minecraft:wooden_axe":1,"minecraft:white_bed":5,"minecraft:torch":236,"minecraft:diamond_chestplate":1},"minecraft:mined":{"minecraft:tuff":1,"minecraft:mossy_cobblestone":2,"minecraft:deepslate_diamond_ore":32,"minecraft:sculk_vein":1,"minecraft:cherry_log":16,"minecraft:brewing_stand":1,"minecraft:granite":4,"minecraft:grass_block":3,"minecraft:chiseled_tuff_bricks":3,"minecraft:tuff_bricks":18,"minecraft:spawner":3,"minecraft:hay_block":29,"minecraft:magma_block":5,"minecraft:carrots":1,"minecraft:waxed_copper_grate":1,"minecraft:iron_ore":16,"minecraft:andesite":1,"minecraft:sculk_shrieker":3,"minecraft:stone":115,"minecraft:blackstone":20,"minecraft:amethyst_cluster":1,"minecraft:basalt":100,"minecraft:crafting_table":4,"minecraft:torch":3,"minecraft:short_grass":10,"minecraft:blast_furnace":1,"minecraft:sculk_sensor":2,"minecraft:copper_ore":9,"minecraft:cobblestone":15,"minecraft:deepslate_gold_ore":3,"minecraft:diorite":3,"minecraft:wall_torch":3,"minecraft:amethyst_block":1,"minecraft:pink_petals":1,"minecraft:birch_leaves":1,"minecraft:coal_ore":97,"minecraft:oak_log":21,"minecraft:gravel":10,"minecraft:dirt":5,"minecraft:cobweb":63,"minecraft:netherrack":15,"minecraft:gold_ore":11,"minecraft:deepslate":4,"minecraft:oak_leaves":11},"minecraft:dropped":{"minecraft:iron_ingot":2,"minecraft:wheat_seeds":3,"minecraft:lapis_lazuli":6,"minecraft:oak_log":1,"minecraft:glow_ink_sac":2,"minecraft:diamond":6,"minecraft:leather":7,"minecraft:dirt":1,"minecraft:wooden_axe":1,"minecraft:string":4,"minecraft:pink_petals":8,"minecraft:bone":9,"minecraft:gravel":1,"minecraft:sugar_cane":1,"minecraft:cobbled_deepslate":2,"minecraft:rotten_flesh":4,"minecraft:oak_planks":1,"minecraft:white_bed":5,"minecraft:potato":1,"minecraft:andesite":1,"minecraft:powered_rail":2,"minecraft:wooden_pickaxe":1,"minecraft:stone_pickaxe":1},"minecraft:picked_up":{"minecraft:crafting_table":4,"minecraft:wheat":7,"minecraft:brown_mushroom":1,"minecraft:brewing_stand":1,"minecraft:string":67,"minecraft:raw_copper":38,"minecraft:blackstone":20,"minecraft:cobbled_deepslate":3,"minecraft:beef":10,"minecraft:oak_boat":14,"minecraft:sugar_cane":1,"minecraft:egg":4,"minecraft:stick":2,"minecraft:raw_iron":16,"minecraft:torch":7,"minecraft:porkchop":11,"minecraft:cherry_log":16,"minecraft:diorite":1,"minecraft:carrot":6,"minecraft:arrow":14,"minecraft:rotten_flesh":14,"minecraft:hay_block":36,"minecraft:cobblestone":133,"minecraft:pink_petals":8,"minecraft:magma_block":5,"minecraft:basalt":84,"minecraft:cooked_beef":1,"minecraft:glow_ink_sac":2,"minecraft:salmon":9,"minecraft:andesite":1,"minecraft:leather":7,"minecraft:potato":1,"minecraft:flint":1,"minecraft:tuff":1,"minecraft:oak_log":21,"minecraft:lapis_lazuli":6,"minecraft:dirt":9,"minecraft:bone":12,"minecraft:bow":1,"minecraft:wheat_seeds":3,"minecraft:raw_gold":15,"minecraft:iron_ingot":20,"minecraft:oak_planks":9,"minecraft:gravel":10,"minecraft:amethyst_shard":4,"minecraft:blast_furnace":1,"minecraft:mossy_cobblestone":1,"minecraft:diamond":32,"minecraft:breeze_rod":1,"minecraft:netherrack":4,"minecraft:oak_sapling":1,"minecraft:coal":97,"minecraft:ender_pearl":3},"minecraft:killed_by":{"minecraft:warden":1,"minecraft:skeleton":2,"minecraft:zombie":1},"minecraft:killed":{"minecraft:cave_spider":6,"minecraft:bogged":2,"minecraft:spider":4,"minecraft:skeleton":13,"minecraft:magma_cube":1,"minecraft:pig":8,"minecraft:salmon":9,"minecraft:iron_golem":2,"minecraft:creeper":4,"minecraft:zombie":17,"minecraft:breeze":1,"minecraft:enderman":7,"minecraft:cow":5},"minecraft:custom":{"minecraft:mob_kills":86,"minecraft:interact_with_crafting_table":22,"minecraft:leave_game":2,"minecraft:time_since_death":7089,"minecraft:sprint_one_cm":635602,"minecraft:walk_one_cm":398361,"minecraft:damage_blocked_by_shield":1521,"minecraft:drop":32,"minecraft:talked_to_villager":6,"minecraft:play_time":161569,"minecraft:deaths":14,"minecraft:sneak_time":26536,"minecraft:walk_under_water_one_cm":38613,"minecraft:boat_one_cm":12240,"minecraft:jump":4284,"minecraft:walk_on_water_one_cm":49439,"minecraft:total_world_time":161569,"minecraft:interact_with_furnace":5,"minecraft:traded_with_villager":4,"minecraft:sleep_in_bed":1,"minecraft:time_since_rest":7114,"minecraft:damage_absorbed":39,"minecraft:damage_taken":7382,"minecraft:damage_dealt":15486,"minecraft:player_kills":1,"minecraft:swim_one_cm":92761,"minecraft:fly_one_cm":621922,"minecraft:open_chest":2,"minecraft:crouch_one_cm":86587,"minecraft:fall_one_cm":129181,"minecraft:inspect_dispenser":1},"minecraft:used":{"minecraft:flint_and_steel":1,"minecraft:shield":29,"minecraft:torch":308,"minecraft:dirt":1,"minecraft:crafter":3,"minecraft:carrot":6,"minecraft:wooden_axe":19,"minecraft:lava_bucket":19,"minecraft:diamond_chestplate":1,"minecraft:basalt":85,"minecraft:magma_block":5,"minecraft:bow":6,"minecraft:beef":1,"minecraft:hay_block":7,"minecraft:furnace":1,"minecraft:oak_sapling":1,"minecraft:egg":4,"minecraft:cooked_beef":10,"minecraft:cobbled_deepslate":1,"minecraft:water_bucket":13,"minecraft:diorite":1,"minecraft:stone_pickaxe":103,"minecraft:wooden_pickaxe":19,"minecraft:brown_mushroom":1,"minecraft:golden_apple":1,"minecraft:salmon":9,"minecraft:glow_berries":12,"minecraft:mossy_cobblestone":1,"minecraft:crafting_table":10,"minecraft:wind_charge":5,"minecraft:bread":50,"minecraft:iron_pickaxe":367,"minecraft:gravel":9,"minecraft:stone_axe":64,"minecraft:diamond_sword":235,"minecraft:cobblestone":97,"minecraft:porkchop":6,"minecraft:bucket":34,"minecraft:oak_boat":14,"minecraft:diamond_leggings":1,"minecraft:trial_spawner":2}},"DataVersion":3953}