{"stats":{"minecraft:broken":{"minecraft:stone_sword":2,"minecraft:stone_axe":1},"minecraft:crafted":{"minecraft:wooden_sword":1,"minecraft:oak_planks":236,"minecraft:cooked_chicken":5,"minecraft:furnace":2,"minecraft:stone_pickaxe":1,"minecraft:chest":2,"minecraft:wheat":109,"minecraft:cooked_beef":3,"minecraft:cooked_porkchop":8,"minecraft:wooden_pickaxe":1,"minecraft:baked_potato":1,"minecraft:iron_helmet":1,"minecraft:cooked_salmon":1,"minecraft:copper_ingot":28,"minecraft:bucket":1,"minecraft:stone_axe":1,"minecraft:bread":39,"minecraft:air":0,"minecraft:iron_chestplate":1,"minecraft:wooden_hoe":1,"minecraft:shield":1,"minecraft:stick":16,"minecraft:iron_pickaxe":1,"minecraft:iron_ingot":16,"minecraft:stone_sword":2,"minecraft:iron_leggings":1,"minecraft:gold_ingot":2,"minecraft:white_bed":1,"minecraft:torch":32},"minecraft:mined":{"minecraft:white_bed":5,"minecraft:oak_sapling":1,"minecraft:mossy_cobblestone":5,"minecraft:grass_block":26,"minecraft:composter":6,"minecraft:hay_block":13,"minecraft:furnace":8,"minecraft:carrots":26,"minecraft:iron_ore":12,"minecraft:pumpkin":18,"minecraft:bell":1,"minecraft:potatoes":6,"minecraft:deepslate_iron_ore":5,"minecraft:stone":34,"minecraft:blackstone":3,"minecraft:basalt":10,"minecraft:crafting_table":6,"minecraft:short_grass":48,"minecraft:blast_furnace":1,"minecraft:chest":4,"minecraft:rose_bush":26,"minecraft:copper_ore":1,"minecraft:cobblestone":17,"minecraft:deepslate_gold_ore":3,"minecraft:grindstone":1,"minecraft:sugar_cane":4,"minecraft:oak_planks":30,"minecraft:wheat":46,"minecraft:light_gray_wool":1,"minecraft:yellow_bed":5,"minecraft:coal_ore":25,"minecraft:oak_log":55,"minecraft:beetroots":3,"minecraft:dirt":3,"minecraft:oak_leaves":33,"minecraft:deepslate":2},"minecraft:dropped":{"minecraft:bread":2,"minecraft:wheat_seeds":13,"minecraft:cooked_porkchop":1,"minecraft:dirt":5,"minecraft:wheat":5,"minecraft:carrot":5,"minecraft:gunpowder":1,"minecraft:iron_chestplate":1,"minecraft:oak_sapling":4,"minecraft:spider_eye":1},"minecraft:picked_up":{"minecraft:crafting_table":6,"minecraft:wheat":17,"minecraft:chicken":5,"minecraft:string":8,"minecraft:blackstone":3,"minecraft:cobbled_deepslate":2,"minecraft:beef":4,"minecraft:rose_bush":21,"minecraft:poppy":6,"minecraft:light_gray_wool":2,"minecraft:sugar_cane":4,"minecraft:chest":4,"minecraft:egg":2,"minecraft:furnace":8,"minecraft:raw_iron":17,"minecraft:stick":8,"minecraft:composter":6,"minecraft:porkchop":17,"minecraft:carrot":34,"minecraft:arrow":2,"minecraft:rotten_flesh":22,"minecraft:beetroot_seeds":3,"minecraft:hay_block":13,"minecraft:mutton":5,"minecraft:cobblestone":49,"minecraft:white_wool":3,"minecraft:basalt":10,"minecraft:feather":5,"minecraft:cooked_beef":1,"minecraft:salmon":2,"minecraft:leather":4,"minecraft:potato":14,"minecraft:oak_log":59,"minecraft:yellow_bed":5,"minecraft:gunpowder":1,"minecraft:dirt":26,"minecraft:bone":3,"minecraft:apple":1,"minecraft:wheat_seeds":72,"minecraft:raw_gold":2,"minecraft:bell":1,"minecraft:grindstone":1,"minecraft:iron_ingot":24,"minecraft:oak_planks":30,"minecraft:cooked_porkchop":2,"minecraft:pumpkin":18,"minecraft:blast_furnace":1,"minecraft:white_bed":10,"minecraft:spider_eye":1,"minecraft:mossy_cobblestone":5,"minecraft:diamond":6,"minecraft:oak_sapling":25,"minecraft:coal":93,"minecraft:ender_pearl":1},"minecraft:killed_by":{"minecraft:zombie_villager":1,"minecraft:player":1,"minecraft:enderman":2,"minecraft:iron_golem":5,"minecraft:skeleton":3,"minecraft:zombie":3},"minecraft:killed":{"minecraft:spider":4,"minecraft:skeleton":1,"minecraft:chicken":5,"minecraft:drowned":2,"minecraft:pig":10,"minecraft:zombie_villager":2,"minecraft:salmon":2,"minecraft:iron_golem":7,"minecraft:sheep":4,"minecraft:zombie":19,"minecraft:enderman":1,"minecraft:cow":3},"minecraft:custom":{"minecraft:mob_kills":66,"minecraft:interact_with_crafting_table":37,"minecraft:bell_ring":15,"minecraft:leave_game":1,"minecraft:time_since_death":1426,"minecraft:climb_one_cm":1140,"minecraft:sprint_one_cm":634191,"minecraft:walk_one_cm":329226,"minecraft:damage_blocked_by_shield":315,"minecraft:drop":23,"minecraft:talked_to_villager":6,"minecraft:play_time":148898,"minecraft:deaths":23,"minecraft:sneak_time":4450,"minecraft:walk_under_water_one_cm":12743,"minecraft:jump":2973,"minecraft:walk_on_water_one_cm":24718,"minecraft:total_world_time":148898,"minecraft:interact_with_furnace":60,"minecraft:interact_with_grindstone":1,"minecraft:sleep_in_bed":4,"minecraft:time_since_rest":1471,"minecraft:damage_taken":8328,"minecraft:damage_dealt":14593,"minecraft:swim_one_cm":33490,"minecraft:fly_one_cm":481233,"minecraft:player_kills":1,"minecraft:open_chest":15,"minecraft:crouch_one_cm":12780,"minecraft:fall_one_cm":92011},"minecraft:used":{"minecraft:stone_sword":269,"minecraft:poppy":1,"minecraft:chest":6,"minecraft:shield":5,"minecraft:bell":1,"minecraft:cooked_salmon":1,"minecraft:cooked_chicken":3,"minecraft:iron_chestplate":1,"minecraft:torch":26,"minecraft:dirt":21,"minecraft:carrot":16,"minecraft:light_gray_wool":2,"minecraft:basalt":10,"minecraft:beef":1,"minecraft:furnace":10,"minecraft:beetroot_seeds":1,"minecraft:egg":2,"minecraft:cooked_beef":4,"minecraft:potato":4,"minecraft:pumpkin":17,"minecraft:wheat_seeds":22,"minecraft:water_bucket":9,"minecraft:stone_pickaxe":83,"minecraft:baked_potato":1,"minecraft:oak_planks":221,"minecraft:blackstone":3,"minecraft:wooden_pickaxe":4,"minecraft:composter":4,"minecraft:mossy_cobblestone":5,"minecraft:glow_berries":2,"minecraft:crafting_table":6,"minecraft:blast_furnace":1,"minecraft:white_bed":11,"minecraft:wooden_hoe":51,"minecraft:bread":33,"minecraft:iron_pickaxe":51,"minecraft:stone_axe":120,"minecraft:wooden_sword":6,"minecraft:cobblestone":21,"minecraft:grindstone":1,"minecraft:cooked_porkchop":5,"minecraft:bucket":10,"minecraft:yellow_bed":5}},"DataVersion":3953}